OBJECT_ID,CENTROID // MEAN_X_(PX),CENTROID // MEAN_Y_(PX),TIMEPOINT,SHAPE // PROJ_AREA_(PX^2),TRACK_ID
1,78.3026748,203.3137025,0,4262,1
2,148,417,0,2449,23
3,194,105,0,2617,2
4,238.631068,467.464742,0,3914,24
5,323,531,0,1513,25
6,345.7346814,594.6911765,0,1632,31
7,396,311,0,1649,5
8,435.5,452,0,1836,16
9,434,542,0,1649,26
10,437,646.5,0,1384,32
11,500,332,0,1649,6
12,509.6656783,607.8554485,0,1349,30
13,517,538,0,1369,27
14,529.0163934,759.5193741,0,1342,34
15,572,38,0,1941,3
16,635.8982036,684.9086826,0,2004,33
17,639,584,0,1941,28
18,676,502,0,1789,29
19,707,816,0,1125,10
20,723,914,0,1941,15
21,829,185,0,1789,4
22,862.2652705,764.6387435,0,2292,9
23,891.8786292,711.3465017,0,2101,8
24,81.14414195,202.7912008,1,4114,1
25,148,417,1,2449,23
26,195,104,1,2617,2
27,243.6858754,467.7688694,1,3193,24
28,323,531,1,1513,25
29,345,595,1,1347,31
30,398,311,1,1649,5
31,435,452,1,1789,16
32,435,542,1,1369,26
33,435.1746758,652.1525553,1,1311,32
34,500,332,1,1649,6
35,510,608,1,1245,30
36,517,538,1,1369,27
37,524.9731707,761.4195122,1,1230,34
38,571,41,1,1941,3
39,631.1140802,686.5693731,1,1946,33
40,639,584,1,1941,28
41,678,501,1,1789,29
42,708.5,816,1,1694,10
43,724,920,1,1941,15
44,827.1447231,184.3333333,1,1914,4
45,864.982243,761.5401869,1,2140,9
46,890,704,1,1513,8
47,77.80272634,201.3459362,2,3888,1
48,148,417,2,2449,23
49,196,102.5,2,2674,2
50,244.0339463,464.5187412,2,2828,24
51,323,531,2,1513,25
52,347,592,2,1421,31
53,398,310,2,1649,5
54,433,451,2,1789,16
55,433,652,2,1125,32
56,441,538,2,1369,26
57,500,332,2,1649,6
58,510,607,2,1245,30
59,517,538,2,1369,27
60,527.5,758.5,2,938,34
61,570,40,2,1941,3
62,634.5,684,2,1770,33
63,641,583.5,2,1990,28
64,678,500.5,2,1836,29
65,709,816,2,1649,10
66,724,917,2,1941,15
67,826,183,2,1789,4
68,864.837585,764.2708333,2,2352,9
69,890,705,2,1513,8
70,77.22666962,198.7295444,3,4522,1
71,148,417,3,2449,23
72,199,100,3,2617,2
73,244.0585489,462.0366379,3,2784,24
74,325,531,3,1649,25
75,347,593,3,1421,31
76,398.5,309,3,1694,5
77,433.5,451,3,1836,16
78,436,649.5,3,1216,32
79,441,538,3,1369,26
80,500.5,330.5,3,1714,6
81,510,607,3,1245,30
82,517,538,3,1369,27
83,526.4022015,754.834039,3,1181,34
84,570,40,3,1941,3
85,633.1673028,687.1507634,3,1572,33
86,641.61846,582.61846,3,2026,28
87,678,500,3,1789,29
88,710,816,3,1649,10
89,724,917,3,1941,15
90,830,183,3,1789,4
91,868,765,3,1649,9
92,890,705,3,1513,8
93,80.95559742,200.7212056,4,3716,1
94,143,416,4,2449,23
95,203,99,4,2449,2
96,242.7166998,459.6865474,4,3018,24
97,325.5,531,4,1694,25
98,343.280543,590.8545572,4,1547,31
99,399.5,308.5,4,1714,5
100,434,451,4,1789,16
101,438.9047619,651.9569892,4,1302,32
102,445,534,4,1245,26
103,502,327,4,1649,6
104,512.0331687,605.5638673,4,1417,30
105,526,535,4,1369,27
106,529.492467,761.4689266,4,1062,34
107,570,40,4,1941,3
108,638.1491525,685.6491525,4,1770,33
109,642,582,4,1941,28
110,679,500,4,1789,29
111,710,816,4,1649,10
112,723,915,4,2039,15
113,831,185,4,1789,4
114,870.5,763,4,1694,9
115,890,705,4,1513,8
116,78.73728603,197.535351,5,4031,1
117,144,416,5,2809,23
118,201.5,99,5,2504,2
119,243.1951603,460.5735387,5,3182,24
120,326,531,5,1649,25
121,343.0609756,591.0257453,5,1476,31
122,401,306,5,1649,5
123,435,451,5,1789,16
124,437.4304584,652.029526,5,1287,32
125,445,534,5,1245,26
126,502,327,5,1649,6
127,515,604,5,1245,30
128,526,535,5,1369,27
129,531,760.5,5,922,34
130,570,40,5,1941,3
131,637.0067568,687.0088358,5,1924,33
132,642,583,5,1941,28
133,682,499,5,1789,29
134,708.5,816,5,1694,10
135,721,914,5,1941,15
136,831,185,5,1789,4
137,867,763,5,1649,9
138,893.4762887,707.7046392,5,1940,8
139,75.87024864,200.5953129,6,3499,1
140,144.5,416,6,2868,23
141,201,99,6,2449,2
142,244.5588235,464.5454248,6,3060,24
143,325,531,6,1739,25
144,341.6705471,597.072759,6,1718,31
145,401,305,6,1649,5
146,435,451,6,1789,16
147,440,651,6,1199,32
148,445,534,6,1245,26
149,501.5,327,6,1694,6
150,517.5,604,6,1162,30
151,532.5,530,6,1410,27
152,534,761.5,6,922,34
153,572.5,40,6,1990,3
154,640.0074541,686.0097477,6,1744,33
155,642,583,6,1941,28
156,683,499,6,1789,29
157,708,816,6,1649,10
158,722,914,6,1941,15
159,829,182,6,1789,4
160,867.5,763,6,1694,9
161,889.1850437,703.2767467,6,1832,8
162,78.53219593,198.1755641,7,3634,1
163,145,416,7,2809,23
164,202.5,100,7,2504,2
165,245.409379,458.9841572,7,3156,24
166,323,530,7,1649,25
167,343.6037196,594.5422031,7,1398,31
168,400,305,7,1649,5
169,435,451,7,1789,16
170,439.5,650.5,7,1248,32
171,445,534,7,1245,26
172,496.142623,330.6377049,7,1830,6
173,519,604,7,1273,30
174,530,531,7,1369,27
175,535.5,759,7,988,34
176,573,40,7,1941,3
177,636.3776897,687.9195923,7,1766,33
178,642,583,7,1941,28
179,684,494,7,1789,29
180,709.5,816,7,1694,10
181,722,914,7,1941,15
182,826,180,7,1789,4
183,874.5,755,7,1728,9
184,892.7013301,705.3599355,7,2481,8
185,78.45879253,198.8172017,8,4174,1
186,145,416,8,2809,23
187,203,100.5,8,2504,2
188,242.6283701,456.5422794,8,3264,24
189,323,530,8,1649,25
190,340.4309783,598.0092391,8,1840,31
191,398,305,8,1739,5
192,428,453,8,889,16
193,438.5,650.5,8,1322,32
194,445,534,8,1245,26
195,495,332.5,8,1694,6
196,520,602.5,8,1162,30
197,529,531,8,1369,27
198,536.002693,757.0152603,8,1114,34
199,573,40,8,1941,3
200,632.6364978,689.5818987,8,2033,33
201,642,583,8,1941,28
202,684.5,494,8,1836,29
203,710,815,8,1649,10
204,723,913.5,8,1990,15
205,830,183,8,1789,4
206,865,759.5,8,1556,9
207,890,707.5,8,1796,8
208,81.46087398,196.3020833,9,3936,1
209,144,416,9,2809,23
210,206,101,9,2449,2
211,241.1190765,459.0361482,9,3292,24
212,323,530,9,1649,25
213,338.7153189,600.1794872,9,1521,31
214,396,305,9,1649,5
215,436.5,654.5,9,1372,32
216,434,454,9,697,16
217,449,533,9,1245,26
218,496.022779,330.4527335,9,1756,6
219,518.6709337,602.1106928,9,1328,30
220,529.5,531,9,1410,27
221,528,764,9,889,34
222,573,40,9,1941,3
223,633.4939467,691.042615,9,2065,33
224,642,583,9,1941,28
225,687.5,492,9,1836,29
226,709,815,9,1649,10
227,725,913,9,1941,15
228,829.5,183,9,1836,4
229,864.5,762,9,1556,9
230,888.2392704,708.7430258,9,1864,8
231,84.01196172,195.9301435,10,4180,1
232,144,415,10,2809,23
233,207,101,10,2449,2
234,243,457.5,10,2762,24
235,323,530,10,1649,25
236,337.5466583,601.0214376,10,1586,31
237,396,305,10,1649,5
238,435,657,10,1273,32
239,450.6119829,533.8323823,10,1402,26
240,442,446,10,193,16
241,499,327.5,10,1760,6
242,511,608.5,10,1236,30
243,529.0092807,763.5382831,10,1293,34
244,530,531,10,1369,27
245,573,40,10,1941,3
246,633.0676891,690.6298255,10,1891,33
247,645,580,10,1789,28
248,688,491,10,1789,29
249,709,815,10,1649,10
250,724.5,913,10,1990,15
251,828,181,10,1789,4
252,862,762,10,1513,9
253,890.4173069,707.1904569,10,2473,8
254,83.24020076,194.2433078,11,4184,1
255,144,416,11,2809,23
256,209.5,100,11,2504,2
257,246.9673243,454.4913687,11,3244,24
258,323,530,11,1649,25
259,338,595.5,11,1384,31
260,396,305,11,1649,5
261,433.6505495,653.6483516,11,1365,32
262,443.5260116,451.0433526,11,346,16
263,453.868191,534.131809,11,1487,26
264,499,328,11,2009,6
265,514,610,11,1005,30
266,528.5,764,11,1120,34
267,530,531,11,1369,27
268,573,40,11,1941,3
269,633.0172606,691.0595768,11,1796,33
270,645,580,11,1789,28
271,687,493,11,1789,29
272,701,818,11,1649,10
273,727,913,11,1941,15
274,828,181,11,1789,4
275,864,762,11,1513,9
276,887.7302885,705.8634615,11,2080,8
277,83.3575934,191.426492,12,4122,1
278,146,416,12,2927,23
279,213,97.5,12,2504,2
280,246.7744548,454.7320872,12,3210,24
281,322.5472665,528.977221,12,1756,25
282,339.7030223,598.1773982,12,1522,31
283,396,305,12,1649,5
284,432.6982507,653.8360058,12,1372,32
285,446.2327791,443.3420428,12,421,16
286,453,531,12,1323,26
287,499.4328753,328.5327696,12,1892,6
288,514,609.5,12,1040,30
289,526.5,764,12,1054,34
290,532,530,12,1451,27
291,573,40,12,1941,3
292,636.5622983,689.0296966,12,1549,33
293,645,580,12,1789,28
294,687,493,12,1649,29
295,702,818,12,1649,10
296,728,921,12,1941,15
297,826,179.5,12,1836,4
298,865,761.5,12,1556,9
299,891.6037435,707.9494225,12,2511,8
300,83.09594365,189.8902113,13,4117,1
301,149.1701149,414.6157635,13,3045,23
302,214.9240168,94.89767087,13,2619,2
303,244.0692612,458.5207784,13,3032,24
304,320,526,13,1649,25
305,339,600,13,1347,31
306,396,305,13,1649,5
307,431.5420136,654.5124905,13,1321,32
308,453,532,13,1245,26
309,443,452,13,223,16
310,498.4638783,327.9891363,13,1841,6
311,512,611.5,13,1110,30
312,525.0117532,763.5122429,13,1021,34
313,533,530,13,1369,27
314,573,40,13,1941,3
315,641.5,583,13,1836,28
316,640,690,13,1369,33
317,687,493,13,1649,29
318,706,821,13,1649,10
319,728,922,13,1941,15
320,828,182,13,1649,4
321,862.5,756,13,1556,9
322,894.7041377,715.2054193,13,2731,8
323,87.84142788,186.3839242,14,4118,1
324,151,412,14,2809,23
325,217,93.5,14,2584,2
326,247.1752468,450.5814528,14,2836,24
327,320,526,14,1513,25
328,337.9510309,606.492268,14,1552,31
329,396,305,14,1649,5
330,425,658.5,14,1532,32
331,446.9522727,452.2136364,14,440,16
332,453,531,14,1323,26
333,495.6916039,331.1560818,14,1858,6
334,511.1657049,612.6529266,14,1213,30
335,528.6524752,763.6792079,14,1010,34
336,533,529,14,1369,27
337,573,40,14,1941,3
338,640,583,14,1789,28
339,640,690,14,1369,33
340,691.2414175,496.7585825,14,1806,29
341,704,821,14,1649,10
342,728,924,14,1941,15
343,828.3363482,180.8569813,14,1769,4
344,867,760,14,1513,9
345,889.8497135,707.9911855,14,2269,8
346,91.35871886,184.8982206,15,4215,1
347,151,412,15,2809,23
348,219,93,15,2669,2
349,246.1724739,451.3725319,15,3444,24
350,321,527,15,1513,25
351,336.7730015,607.5263952,15,1326,31
352,396,305,15,1649,5
353,425,651.5,15,1310,32
354,445.8484108,450.7261614,15,409,16
355,453,526,15,1245,26
356,495,332.5,15,1784,6
357,504.5285235,613.511745,15,1192,30
358,526.6773869,766.7105528,15,995,34
359,533,529,15,1369,27
360,573,40,15,1941,3
361,639,581,15,1789,28
362,640,694,15,1369,33
363,694.6195715,496.3804285,15,1727,29
364,708,821,15,1649,10
365,728,923,15,1941,15
366,831.4527335,181.977221,15,1756,4
367,866.5,760,15,1556,9
368,893.2097674,711.7288372,15,2150,8
369,93.13726027,178.0178082,16,3650,1
370,151,412,16,2809,23
371,219,93.5,16,2724,2
372,246.998375,447.0048749,16,3077,24
373,321,528.5,16,1728,25
374,334.2446873,612.3995143,16,1647,31
375,396,303,16,1739,5
376,422,651,16,1347,32
377,438,434,16,145,16
378,453,524,16,1245,26
379,496,330,16,1739,6
380,500.0702371,615.4626866,16,1139,30
381,528.5,766,16,1010,34
382,533,529,16,1369,27
383,573,40,16,1941,3
384,638,580,16,1789,28
385,640,694,16,1513,33
386,696,496,16,1739,29
387,706,821,16,1649,10
388,728,923,16,1941,15
389,832.3804285,183.3804285,16,1727,4
390,866,760,16,1513,9
391,891.0217134,711.2258192,16,2533,8
392,94.40180135,181.5984488,17,3997,1
393,151,412,17,2809,23
394,218.4060043,94.9617584,17,2798,2
395,247.6977833,441.0761786,17,3203,24
396,324,528,17,1513,25
397,332.8483871,610.8316129,17,1550,31
398,396,301,17,1649,5
399,421.1336146,653.649789,17,1422,32
400,422,423,17,145,22
401,452.5,524,17,1284,26
402,496,331.5,17,1874,6
403,501.5706122,616.9779592,17,1225,30
404,524.996991,767.001003,17,997,34
405,533,528,17,1369,27
406,573,40,17,1941,3
407,632.5232143,695.047619,17,1680,33
408,640,578,17,1789,28
409,697,495,17,1649,29
410,702,816,17,1649,10
411,727,923,17,1941,15
412,833.5472665,184.022779,17,1756,4
413,866.5,760,17,1556,9
414,890.2902677,710.2987675,17,2353,8
415,99.36983574,179.7401692,18,4018,1
416,149,412,18,2809,23
417,219,97.5,18,2614,2
418,248.2054755,450.5887608,18,3470,24
419,323,525,18,1649,25
420,328.459101,609.9889462,18,1357,31
421,396,301,18,1649,5
422,419.418429,652.4660121,18,1324,32
423,417.0394089,419.9876847,18,406,22
424,452,524,18,1245,26
425,496,334,18,1649,6
426,502,618,18,1215,30
427,524.9949444,764.4843276,18,989,34
428,533,528,18,1369,27
429,573,40,18,1941,3
430,629,696,18,1599,33
431,643,574,18,1789,28
432,697,493.5,18,1694,29
433,703,816,18,1649,10
434,727,925,18,1941,15
435,833,182,18,1739,4
436,868,766,18,1513,9
437,892.4969912,712.980177,18,2825,8
438,101.0840296,180.4612079,19,4189,1
439,149,412,19,2809,23
440,220.3981774,96.45916579,19,2853,2
441,247.7302487,447.1989298,19,3177,24
442,323,525,19,1649,25
443,327.1677675,610.1571995,19,1514,31
444,396,301,19,1649,5
445,416.4139535,654.9767442,19,1505,32
446,414.0074627,418.3507463,19,402,22
447,450,522,19,1245,26
448,496,334,19,1649,6
449,501.692637,619.1575342,19,1168,30
450,533,527,19,1369,27
451,528,762,19,793,34
452,573,40,19,1941,3
453,634,686,19,1513,33
454,643,573,19,1789,28
455,695,492,19,1649,29
456,704,816,19,1649,10
457,729,925,19,1941,15
458,831.5238871,182.0081433,19,1842,4
459,867,766,19,1599,9
460,888.6870919,706.3977901,19,1991,8
461,104.2634629,177.243178,20,4141,1
462,149,412,20,2809,23
463,228.2785358,89.81963394,20,3005,2
464,246.8081761,447.2471698,20,3180,24
465,323,525,20,1649,25
466,324.4868863,613.99731,20,1487,31
467,396,301,20,1649,5
468,406.7394541,423.3895782,20,403,22
469,415,656,20,1421,32
470,450,522,20,1245,26
471,496,335.5,20,1694,6
472,497.3710443,618.318038,20,1264,30
473,533,527,20,1369,27
474,528,763,20,855,34
475,573,40,20,1941,3
476,634,686,20,1513,33
477,643,570,20,1789,28
478,696,492.5,20,1784,29
479,699.5,816,20,1694,10
480,729,925,20,1941,15
481,833.5,181,20,1760,4
482,865,766,20,1513,9
483,890.1374172,707.8592715,20,1812,8
484,105.5421527,174.8303287,21,3772,1
485,149,412,21,2809,23
486,226.3030083,89.65857195,21,2759,2
487,248.6364245,446.0599263,21,2987,24
488,323,525,21,1649,25
489,324,612.5,21,1440,31
490,395.5,301,21,1694,5
491,414.4070536,657.9617928,21,1361,32
492,405,419,21,249,22
493,450,522,21,1245,26
494,463,451,21,305,18
495,495.5,336,21,1694,6
496,493,617,21,1145,30
497,533.5,527,21,1410,27
498,528.5,769,21,824,34
499,573,40,21,1941,3
500,632,687,21,1513,33
501,643,572,21,1789,28
502,698,492.5,21,1694,29
503,702,812,21,1649,10
504,728,925,21,1941,15
505,833.5,180,21,1752,4
506,863.5,766,21,1556,9
507,887,710,21,1789,8
508,102.5846774,175.4669355,22,3720,1
509,149,412,22,2809,23
510,230.028292,91.50890674,22,2863,2
511,249.6985408,445.049674,22,3221,24
512,323,525,22,1649,25
513,322.7465008,618.688958,22,1929,31
514,395,300,22,1649,5
515,414,657.5,22,1310,32
516,410,421,22,249,22
517,450,522,22,1245,26
518,470,454,22,305,18
519,493.5,336,22,1694,6
520,491,619,22,1145,30
521,534.5,527,22,1410,27
522,529,764,22,793,34
523,573,40,22,1941,3
524,634,689,22,1245,33
525,643,573,22,1789,28
526,700,489.5,22,1694,29
527,703,813.5,22,1694,10
528,728,924,22,1941,15
529,832,182,22,1829,4
530,863,764,22,1513,9
531,888,710,22,1789,8
532,100.4553497,169.1581421,23,3617,1
533,149,412,23,2809,23
534,225.5,92,23,2744,2
535,253.508161,447.0061661,23,2757,24
536,323,525,23,1649,25
537,321,620.5,23,1574,31
538,394.5,300,23,1694,5
539,415,656.5,23,1310,32
540,409,424,23,305,22
541,449,518,23,1245,26
542,471,455,23,373,18
543,493,336,23,1649,6
544,491,619,23,1145,30
545,535.5,527,23,1410,27
546,531,762,23,793,34
547,573,40,23,1941,3
548,632,690.5,23,1362,33
549,643,572,23,1789,28
550,701,488,23,1739,29
551,704,822,23,1649,10
552,736.5,928,23,1990,15
553,832.3011035,182.3399895,23,1903,4
554,863,764,23,1513,9
555,888,710,23,1789,8
556,102.7069345,164.2333517,24,3634,1
557,149,412,24,2809,23
558,227.9619883,89.42690058,24,2736,2
559,258.3954008,438.9674225,24,3131,24
560,323,525,24,1789,25
561,321.86196,618.1612223,24,1898,31
562,393,298.5,24,1694,5
563,415,659.5,24,1458,32
564,410,424,24,373,22
565,449,518,24,1245,26
566,470.5,455,24,394,18
567,493,336,24,1649,6
568,490,622.5,24,1250,30
569,536,527,24,1369,27
570,534.5,762,24,824,34
571,572.5,37,24,1990,3
572,633.5382206,696.5338346,24,1596,33
573,643,572,24,1789,28
574,702,491,24,1829,29
575,706,821,24,1649,10
576,738,928,24,1941,15
577,834.5,175,24,1840,4
578,864,764,24,1513,9
579,888,710,24,1789,8
580,105.158042,162.1546853,25,3575,1
581,149,412,25,2809,23
582,227.5936361,89.83195227,25,3017,2
583,253.4225979,442.9890273,25,3372,24
584,323,525,25,1789,25
585,327.0006109,624.0018326,25,1637,31
586,392,297,25,1649,5
587,415.5530086,663.482808,25,1396,32
588,409,424,25,415,22
589,449,518,25,1245,26
590,472.3621622,454.8086486,25,925,18
591,492,336,25,1649,6
592,493,623.5,25,1180,30
593,528,763,25,697,34
594,536.5518417,527.9754434,25,1466,27
595,569.4457948,35.02673797,25,2057,3
596,631.9430267,695.505638,25,1685,33
597,643,572.5,25,1836,28
598,702,492,25,1739,29
599,706,821,25,1649,10
600,738,930,25,1941,15
601,833,176,25,1919,4
602,864,764,25,1513,9
603,886,710,25,1789,8
604,104.6069379,160.8432447,26,3834,1
605,149,412,26,2809,23
606,233.5858549,90.53554502,26,2743,2
607,253.0875862,442.5241379,26,2900,24
608,323,526.5,26,1836,25
609,328,619,26,1615,31
610,392,295,26,1649,5
611,407,424,26,609,22
612,416.5929464,663.9617928,26,1361,32
613,449.9747409,521.5084197,26,1544,26
614,474.3940487,459.8981064,26,1109,18
615,492,336,26,1649,6
616,492.692637,625.1575342,26,1168,30
617,529.0510315,764.0857763,26,921,34
618,538.5,529.5,26,1428,27
619,568,35,26,2137,3
620,628.038205,700.0303214,26,1649,33
621,643,577,26,1789,28
622,702,492.5,26,1694,29
623,712,827,26,1739,10
624,727,930,26,1941,15
625,831.6636518,173.8569813,26,1769,4
626,864.5,765,26,1556,9
627,888,710,26,1789,8
628,103.9022744,158.9162709,27,4001,1
629,147.6273111,413.6273111,27,3083,23
630,235.048433,89.01388889,27,2808,2
631,253.3601469,440.9716288,27,2996,24
632,323,529,27,1789,25
633,327,621.5,27,1574,31
634,393.1886587,293.6603053,27,1834,5
635,407,424,27,663,22
636,417,664,27,1347,32
637,455,518,27,1245,26
638,478.8105263,457.0021053,27,1425,18
639,492,332,27,1649,6
640,492,628,27,1145,30
641,523.4437811,766.8726368,27,1005,34
642,541,531,27,1369,27
643,569.5,40,27,2062,3
644,628.9599757,701.9721043,27,1649,33
645,643,577,27,1789,28
646,702,493.5,27,1784,29
647,707,822,27,1649,10
648,732,930,27,1941,15
649,830,172.5,27,1784,4
650,864.5,765,27,1556,9
651,888,710,27,1789,8
652,106.8656356,161.6290478,28,4138,1
653,146,415.5,28,2868,23
654,235,87.5,28,2834,2
655,252.2222944,439.0932727,28,3077,24
656,323,529,28,1789,25
657,326.7021924,619.1644336,28,1642,31
658,394.5,292,28,1694,5
659,406.5,423,28,726,22
660,418.5,661.5,28,1248,32
661,454,520,28,1245,26
662,480.3511498,457.7750155,28,1609,18
663,492,332,28,1829,6
664,492,628.5,28,1110,30
665,520.1619256,767.7253829,28,914,34
666,541,531.5,28,1470,27
667,569.5542052,38.97326203,28,2057,3
668,627.3208489,703.4026217,28,1602,33
669,643,576,28,1789,28
670,700,492.5,28,1694,29
671,707,822,28,1649,10
672,736,937,28,1941,15
673,829,173,28,1739,4
674,863.5,765,28,1556,9
675,888,710,28,1789,8
676,105.8334587,159.2119388,29,3987,1
677,150.688389,416.3470063,29,3023,23
678,235.5564738,89.01618457,29,2904,2
679,252.4899866,442.4962172,29,2247,24
680,323,529,29,1789,25
681,325,623.5,29,1410,31
682,395,292,29,1649,5
683,406,423,29,697,22
684,419.418429,663.5339879,29,1324,32
685,454,520,29,1245,26
686,482.3204837,459.3325775,29,1323,18
687,494,329,29,1649,6
688,493,627.5,29,1180,30
689,516.4625122,766.4011685,29,1027,34
690,539,532,29,1369,27
691,568,38,29,1941,3
692,626.5890034,699.5408935,29,1455,33
693,643,574,29,1789,28
694,700,492.5,29,1694,29
695,707,822,29,1649,10
696,736,937,29,1941,15
697,834.609596,173.5444444,29,1980,4
698,866.5,765,29,1556,9
699,888,710,29,1789,8
700,107.9260156,156.0847458,30,3717,1
701,150.0242876,417.0165155,30,3088,23
702,234.5479115,89.51386451,30,2849,2
703,251.32884,440.2202909,30,2819,24
704,323,529,30,1789,25
705,324.6208333,623.6208333,30,1440,31
706,395,293.5,30,1694,5
707,393.5,417,30,1162,22
708,419.9155844,662.5435993,30,1078,32
709,453,522,30,1245,26
710,483.4856089,449.0612546,30,1355,18
711,489,626.5,30,1110,30
712,497,324,30,1857,6
713,513.4194156,769.8294062,30,1061,34
714,539,532,30,1369,27
715,568,38,30,1941,3
716,630,697.5,30,1362,33
717,641,575,30,1789,28
718,696.8663522,494.4392034,30,1908,29
719,708,822,30,1649,10
720,736,938,30,1649,15
721,834.6288327,178.3711673,30,1859,4
722,869,764,30,1513,9
723,888,710,30,1789,8
724,107.4048839,156.1272234,31,3317,1
725,149.6943543,416.1560675,31,3082,23
726,237.6969917,90.34142805,31,2759,2
727,248.4369809,446.49368,31,2769,24
728,316,622,31,1369,31
729,323,529,31,1789,25
730,385,417,31,1125,22
731,395,294,31,1649,5
732,419,667,31,1041,32
733,452,518,31,1245,26
734,482.5,457,31,1040,18
735,484.3,627.7767241,31,1160,30
736,495.5582923,327.5188834,31,1827,6
737,511.2520576,770.2150206,31,972,34
738,538.6208333,532.6208333,31,1440,27
739,568,39,31,2039,3
740,633.1934566,694.6650071,31,1406,33
741,640.5,575,31,1836,28
742,697,494,31,1829,29
743,713,823,31,1649,10
744,736,938,31,1649,15
745,822.5650364,174.5312175,31,1922,4
746,871.5,764.5,31,1652,9
747,891.3528558,711.1500484,31,2066,8
748,108.9994502,155.4037933,32,3638,1
749,149.7000955,415.6590258,32,3141,23
750,239.5480076,89.47628083,32,2635,2
751,245.3799777,447.4819501,32,2687,24
752,319,623,32,1369,31
753,323,529,32,1789,25
754,385,417,32,1125,22
755,394,293.5,32,1694,5
756,415,660.5,32,886,32
757,452,518,32,1245,26
758,481,628.5,32,1110,30
759,482,457,32,1005,18
760,495.5934633,328.4581422,32,1744,6
761,508.5062241,768.530083,32,964,34
762,537,536,32,1451,27
763,569,40,32,1941,3
764,628.8257093,694.8129705,32,1727,33
765,639,581,32,1789,28
766,697,495.5,32,1784,29
767,715,824,32,1649,10
768,737,938,32,1649,15
769,821,176.5,32,1784,4
770,872.5,765,32,1556,9
771,894.5,710,32,2024,8
772,108.3734592,154.4432206,33,3813,1
773,147.8819855,417.3698225,33,3042,23
774,243.2851022,447.7831246,33,3034,24
775,241,88.5,33,2724,2
776,319,623,33,1369,31
777,323,529,33,1789,25
778,385,417,33,1125,22
779,394,292,33,1649,5
780,416.0762101,667.4654995,33,971,32
781,450.5,518,33,1362,26
782,480.404048,629.338081,33,1334,30
783,487,463,33,1245,18
784,496,327,33,1685,6
785,506.0591659,767.1037827,33,1031,34
786,539.5,544,33,1410,27
787,568,30,33,1883,3
788,630.1505131,692.6163056,33,1754,33
789,639,581,33,1789,28
790,700,494,33,1739,29
791,719.8569813,825.3363482,33,1769,10
792,736,942,33,1649,15
793,820.6839493,175.6519581,33,1813,4
794,873.5,761,33,1556,9
795,894.3697318,709.6269157,33,2088,8
796,109.459026,153.1233596,34,3429,1
797,149.5969211,419.0395853,34,3183,23
798,241.7328605,448.8774063,34,2961,24
799,242,85,34,2669,2
800,316,633,34,1369,31
801,323,529,34,1789,25
802,384.5,417,34,1162,22
803,394,292,34,1649,5
804,417,671,34,1041,32
805,448,518,34,1245,26
806,475.5138999,628.4964257,34,1259,30
807,486,463.5,34,1410,18
808,497.5488506,323.4850575,34,1740,6
809,503,767.5,34,636,34
810,540.5,544,34,1410,27
811,568,28,34,1789,3
812,622.3568548,693.9551411,34,1984,33
813,639.3333333,582.1447231,34,1914,28
814,700,494.5,34,1694,29
815,723.8532389,820.6503036,34,1976,10
816,735,942,34,1649,15
817,821,174.5,34,1874,4
818,873.5,761,34,1556,9
819,896.5,711,34,1694,8
820,110,152,35,2449,1
821,150,418,35,2927,23
822,244.4679359,84.52104208,35,2994,2
823,245.453115,448.9935774,35,3114,24
824,318.5,632,35,1410,31
825,323,529,35,1789,25
826,380.5,417,35,1162,22
827,394,293,35,1649,5
828,418.6865672,669.8432836,35,938,32
829,449.584478,522.8894231,35,1456,26
830,477,629.5,35,1250,30
831,484.5,463,35,1410,18
832,498,324.5,35,1642,6
833,506.8721264,766.8721264,35,696,34
834,546,550,35,1369,27
835,568,28,35,1789,3
836,620.5129385,696.0649799,35,1739,33
837,640.5,584,35,1836,28
838,700.6195715,494.3804285,35,1727,29
839,725,821,35,1649,10
840,735,942,35,1649,15
841,823,176,35,1739,4
842,873,760.5,35,1556,9
843,895,711,35,1649,8
844,107,146,36,2449,1
845,152.6943543,415.1560675,36,3082,23
846,243.0604447,447.0444723,36,3193,24
847,246.9898661,89.50199059,36,2763,2
848,317,631,36,1369,31
849,323,529,36,1789,25
850,379.6223717,415.6223717,36,1189,22
851,394,293,36,1649,5
852,419,673.5,36,1010,32
853,451.5,522,36,1284,26
854,476.7266135,631.1827411,36,1379,30
855,489,463,36,1369,18
856,498,324.5,36,1728,6
857,500.4641711,771.4320856,36,935,34
858,546,550,36,1369,27
859,568,27,36,1789,3
860,624.4691152,697.9805231,36,1797,33
861,641,585,36,1883,28
862,701,494.5,36,1694,29
863,725.5,821,36,1694,10
864,734,941,36,1649,15
865,826,176.5,36,1784,4
866,873,761,36,1513,9
867,895,711,36,1649,8
868,114,148,37,2449,1
869,152,409,37,2617,23
870,243.8576964,445.6604438,37,2839,24
871,248,88.5,37,2944,2
872,318,635,37,1369,31
873,323,529,37,1789,25
874,381.6223717,414.6223717,37,1189,22
875,394,293,37,1649,5
876,419.484789,676.5044161,37,1019,32
877,453.5,521,37,1284,26
878,475,630.5,37,1180,30
879,494.5,469,37,1410,18
880,497,320,37,1599,6
881,499.2515593,773.8846154,37,962,34
882,546,550,37,1369,27
883,568.5,30,37,1836,3
884,617.9222423,701.9722725,37,1659,33
885,641,587,37,1789,28
886,704,493,37,1829,29
887,728,817,37,1649,10
888,734,942,37,1513,15
889,827.3083961,176.1560818,37,1858,4
890,873,760,37,1513,9
891,897,713,37,1649,8
892,114,149.5,38,2504,1
893,152,410.5,38,2788,23
894,244.5945687,449.172524,38,3130,24
895,250.8977145,83.61820907,38,2669,2
896,313,632,38,1369,31
897,324,532,38,1789,25
898,382.5,413,38,1236,22
899,394,293,38,1649,5
900,420,673.5,38,1010,32
901,454,521,38,1245,26
902,474.4162479,627.5393635,38,1194,30
903,489.6473988,776.7697495,38,1038,34
904,497.3874317,322.5486339,38,1830,6
905,496,469,38,1369,18
906,560,552,38,1369,27
907,569,30,38,1789,3
908,616,703.5,38,1596,33
909,643.5,591,38,1836,28
910,708.055914,492.0268817,38,1860,29
911,734,818,38,1649,10
912,735,943.5,38,1694,15
913,828,177,38,1919,4
914,879.5,765,38,1556,9
915,897,714,38,1649,8
916,113.5,150,39,2504,1
917,152,414,39,2617,23
918,244.4687988,444.0167707,39,2564,24
919,255.702914,80.83830846,39,2814,2
920,313,632,39,1369,31
921,324,532,39,1789,25
922,373.5,407,39,1162,22
923,394,293,39,1649,5
924,420.4686235,675.0091093,39,988,32
925,453,520,39,1245,26
926,475,625,39,1145,30
927,493.4445695,323.4715813,39,1777,6
928,491.8111753,781.2678227,39,1038,34
929,498.6208333,468.6208333,39,1440,18
930,560,552,39,1369,27
931,569,30,39,1789,3
932,613.5,702,39,1762,33
933,644,591,39,1789,28
934,709,491,39,1739,29
935,735,943,39,1649,15
936,737,821,39,1649,10
937,828,180,39,1739,4
938,877.5,765,39,1556,9
939,898,714,39,1649,8
940,112,149,40,2449,1
941,152,414,40,2617,23
942,251.9292893,437.4899497,40,2786,24
943,259,80,40,2779,2
944,313,632,40,1369,31
945,324,532,40,1789,25
946,374,409,40,1125,22
947,396.5,291,40,1694,5
948,420,675.5,40,1010,32
949,453,520,40,1245,26
950,477.5398633,626.4441913,40,1317,30
951,492.3396806,325.1412776,40,1628,6
952,490.116095,779.6477573,40,758,34
953,501,468,40,1451,18
954,565,552,40,1369,27
955,569,30,40,1789,3
956,613.112462,705.7244174,40,1974,33
957,645,594,40,1789,28
958,707.6319958,490.1425554,40,1894,29
959,740,828,40,1649,10
960,740,943,40,1649,15
961,828,177,40,1739,4
962,874.5,761,40,1556,9
963,895,712.5,40,1694,8
964,107.2459741,147.0625197,41,3167,1
965,153,413,41,2617,23
966,247.4778761,440.5630941,41,3051,24
967,259,77,41,2889,2
968,313,632,41,1369,31
969,324,532,41,1789,25
970,373,409,41,1125,22
971,399,290,41,1649,5
972,414.9201102,678.0413223,41,1089,32
973,453,520,41,1245,26
974,474.0195759,625.4437194,41,1226,30
975,488.505618,780.0325843,41,890,34
976,496,321.5,41,1556,6
977,500,468.5,41,1410,18
978,568,30,41,1789,3
979,565,552,41,1369,27
980,611.0174594,709.0174594,41,1661,33
981,645,594,41,1789,28
982,706,491,41,1739,29
983,741.5,944,41,1694,15
984,742,828,41,1649,10
985,827,177.5,41,1784,4
986,874,761,41,1513,9
987,894,709,41,1649,8
988,107.2785857,145.1362988,42,3507,1
989,153,413,42,2617,23
990,243.3852251,438.6956246,42,3154,24
991,257.3981774,79.54083421,42,2853,2
992,316,630,42,1245,31
993,324,532,42,1789,25
994,372.5,415,42,1284,22
995,399,288,42,1649,5
996,414.3416268,681.5674641,42,1045,32
997,461,524,42,1245,26
998,475,625,42,1215,30
999,485.03367,780.0538721,42,891,34
1000,496,330.5,42,1642,6
1001,515.5,479,42,1492,18
1002,566,28,42,1789,3
1003,565,552,42,1369,27
1004,613.8034138,707.4220129,42,1699,33
1005,647.5,598,42,1836,28
1006,707,491,42,1829,29
1007,740,944,42,1649,15
1008,742,829,42,1649,10
1009,828,177.5,42,1784,4
1010,881,758,42,1513,9
1011,894.5,709,42,1694,8
1012,108.6896881,149.2893062,43,3142,1
1013,152.6243094,414.6243094,43,2715,23
1014,243.6771654,442.069408,43,3429,24
1015,258,81,43,2669,2
1016,316.3343217,632.1445515,43,1349,31
1017,324,532,43,1789,25
1018,371.5,415,43,1410,22
1019,398,287,43,1649,5
1020,416.5167206,682.9946063,43,927,32
1021,461,524,43,1369,26
1022,476,624,43,1145,30
1023,484.4498346,779.4906284,43,907,34
1024,496,330,43,1513,6
1025,507,474,43,1451,18
1026,566,28,43,1789,3
1027,569,556,43,1369,27
1028,612.5019966,708.0165431,43,1753,33
1029,654,602,43,1789,28
1030,708.6636518,491.1430187,43,1769,29
1031,739.5,824,43,1694,10
1032,741,941,43,1649,15
1033,829,175,43,1739,4
1034,880,758,43,1513,9
1035,893,709,43,1649,8
1036,106.9745348,150.9510284,44,3063,1
1037,152,415,44,2617,23
1038,255.3358209,442.9676617,44,3216,24
1039,256,75.5,44,2614,2
1040,317,633.5,44,1362,31
1041,324,532,44,1789,25
1042,371,415,44,1369,22
1043,397.5,287,44,1694,5
1044,417,685.5,44,1072,32
1045,461,524,44,1369,26
1046,475.9292661,624.9292661,44,1131,30
1047,486.5493757,780.0170261,44,881,34
1048,500.5482673,327.9746287,44,1616,6
1049,508.5,474,44,1410,18
1050,565,28,44,1789,3
1051,570,557,44,1369,27
1052,610.1444109,709.658006,44,1655,33
1053,654,602,44,1789,28
1054,705.0972678,490.615847,44,1830,29
1055,740,816,44,1649,10
1056,742,941,44,1649,15
1057,829,176,44,1829,4
1058,880,758,44,1513,9
1059,894,709,44,1649,8
1060,107.3010284,145.2689311,45,3209,1
1061,153,413,45,2617,23
1062,251.5349849,441.5631068,45,2987,24
1063,257.4781133,74.51883271,45,2947,2
1064,316,635.5,45,1440,31
1065,324,532,45,1789,25
1066,369.5,413,45,1410,22
1067,396.5,287,45,1694,5
1068,413.5236593,681.4913249,45,1268,32
1069,461,528,45,1513,26
1070,481.108871,626.9153226,45,1240,30
1071,481.3732057,777.3732057,45,836,34
1072,501,327,45,1513,6
1073,507.5,474,45,1492,18
1074,565,28,45,1789,3
1075,575,552,45,1369,27
1076,609.9838289,711.4726135,45,1917,33
1077,657.5,604,45,1836,28
1078,704,489,45,1739,29
1079,742,940,45,1649,15
1080,747.1797665,809.9859922,45,1285,10
1081,827.6195715,175.6195715,45,1727,4
1082,883.5,758,45,1556,9
1083,894,709,45,1649,8
1084,108.8675948,147.7550355,46,3376,1
1085,153,413,46,2617,23
1086,249.0083207,442.0056732,46,2644,24
1087,255.3158083,74.62195994,46,2796,2
1088,316,637.5,46,1362,31
1089,324,532,46,1789,25
1090,371,413,46,1451,22
1091,394,286,46,1649,5
1092,407.6592593,680.9333333,46,1215,32
1093,461,528,46,1513,26
1094,478,625,46,1125,30
1095,485.5,778,46,726,34
1096,503.5,324,46,1556,6
1097,503.6208333,472.6208333,46,1440,18
1098,566,28,46,1789,3
1099,576,552,46,1369,27
1100,614.5521144,716.0655152,46,1679,33
1101,658,604,46,1649,28
1102,710,487,46,1855,29
1103,744.8956707,809.451384,46,1409,10
1104,742,941,46,1649,15
1105,827,177.5,46,1694,4
1106,886.3847607,763.6152393,46,1588,9
1107,893.5,709,46,1694,8
1108,111.0019927,144.4908668,47,3011,1
1109,153,413,47,2617,23
1110,250.7751196,446.0717703,47,3135,24
1111,255.8598726,73.63619333,47,2669,2
1112,316,641.5,47,1440,31
1113,324,533.5,47,1836,25
1114,369.5,413,47,1410,22
1115,395,286.5,47,1694,5
1116,408.7030913,685.4097771,47,1391,32
1117,461,528,47,1513,26
1118,478,625,47,1125,30
1119,484.5,776,47,726,34
1120,502,472,47,1369,18
1121,504,323,47,1771,6
1122,566,28,47,1789,3
1123,576,552,47,1369,27
1124,617.1818739,712.6846295,47,1633,33
1125,658,604,47,1649,28
1126,708.5,488,47,1838,29
1127,742,941,47,1649,15
1128,767,821,47,621,12
1129,801.0011547,794.5127021,47,866,14
1130,827,178,47,1739,4
1131,877.9550085,754.5050934,47,2356,9
1132,891.5,709,47,1694,8
1133,116.0240371,144.4876919,48,3453,1
1134,153,413,48,2617,23
1135,251.056683,444.0262421,48,2858,24
1136,255.4715615,71.99379524,48,2901,2
1137,316,642.5,48,1284,31
1138,323.5,534,48,1836,25
1139,366,411,48,1369,22
1140,396,287,48,1739,5
1141,410.9249823,687.0679406,48,1413,32
1142,459.3847607,526.6152393,48,1588,26
1143,472,625,48,1125,30
1144,478.3877005,781.3877005,48,748,34
1145,501,326,48,1513,6
1146,501.5,472,48,1410,18
1147,566,28,48,1789,3
1148,577,552,48,1369,27
1149,613.513658,716.0480998,48,1684,33
1150,658,604,48,1649,28
1151,709,488.5,48,1784,29
1152,742,941,48,1649,15
1153,782,788,48,305,14
1154,827,176.5,48,1694,4
1155,861.994575,758.0241109,48,1659,9
1156,880.4956772,703.0115274,48,1735,8
1157,113.3713811,139.6314665,49,4214,1
1158,153,413,49,2617,23
1159,248.7471776,438.6657544,49,2923,24
1160,250.7766777,74.17491749,49,2727,2
1161,315,639.5,49,1440,31
1162,323,534.5,49,1836,25
1163,364,410,49,1649,22
1164,402,287,49,1649,5
1165,409.017094,683.0135328,49,1404,32
1166,460,527,49,1513,26
1167,472,625,49,1125,30
1168,479,774,49,697,34
1169,501,326,49,1513,6
1170,501,469,49,1451,18
1171,564,29,49,1789,3
1172,579,552.5,49,1410,27
1173,611.9323821,717.8796526,49,1612,33
1174,653.6195715,606.6195715,49,1727,28
1175,708.5244989,490.5077951,49,1796,29
1176,742,941,49,1649,15
1177,756,771,49,305,14
1178,803,758,49,609,9
1179,827,175.5,49,1694,4
1180,845.8692098,748.8537693,49,1101,8
1181,110.3772509,138.3697479,50,3332,1
1182,153,413.5,50,2674,23
1183,242.0442418,439.0597771,50,2961,24
1184,255.4470785,76.0918197,50,2995,2
1185,314.4723796,642.9922096,50,1412,31
1186,322,535,50,1789,25
1187,363,413.5,50,1694,22
1188,402,287,50,1649,5
1189,407.0686275,682.352187,50,1326,32
1190,460,527,50,1513,26
1191,472,625,50,1125,30
1192,475.5788091,778.1217163,50,1142,34
1193,498.5,467,50,1410,18
1194,501,326,50,1513,6
1195,564,29,50,1789,3
1196,579,552.5,50,1410,27
1197,617.7109544,723.2814534,50,1844,33
1198,653,607,50,1649,28
1199,708,487,50,1739,29
1200,742.5,941,50,1694,15
1201,791,742,50,437,9
1202,823.5,175,50,1694,4
1203,816.2803738,762.3333333,50,642,8
1204,115.2699844,138.2979782,51,3215,1
1205,153,414,51,2617,23
1206,243.5759659,437.8005894,51,3054,24
1207,258.5,76.5,51,2738,2
1208,314,639,51,1401,31
1209,322,535,51,1789,25
1210,365,411,51,1649,22
1211,402,286,51,1649,5
1212,406.344652,682.0687606,51,1178,32
1213,460,527,51,1513,26
1214,468.5778175,780.6252236,51,1118,34
1215,474,626,51,1125,30
1216,500,467,51,1451,18
1217,505,325,51,1513,6
1218,564,29,51,1789,3
1219,581,551,51,1369,27
1220,620.5,720.5,51,1554,33
1221,653,607,51,1649,28
1222,708,489.5,51,1784,29
1223,744,941,51,1649,15
1224,794.2678984,729.2101617,51,433,9
1225,823,177,51,1739,4
1226,818.5,755,51,394,8
1227,113.7576485,141.889922,52,3334,1
1228,154,412,52,2617,23
1229,246.2419041,442.6227332,52,3088,24
1230,254.9355195,75.03426676,52,2714,2
1231,314,641,52,1401,31
1232,322,535,52,1789,25
1233,364.5,411,52,1694,22
1234,402,286,52,1649,5
1235,407.5694076,681.9814324,52,1131,32
1236,460,529.5,52,1556,26
1237,465,782,52,1063,34
1238,474,626,52,1125,30
1239,502,467,52,1451,18
1240,505,321,52,1513,6
1241,564,29,52,1789,3
1242,577,548.5,52,1410,27
1243,621,718,52,1451,33
1244,646.4294444,614.4688889,52,1800,28
1245,707.0771381,491.1022918,52,1789,29
1246,744,941,52,1649,15
1247,823,176.5,52,1784,4
1248,111.9821737,145.4666475,53,3478,1
1249,154.5,411,53,2674,23
1250,247.7343578,440.2129528,53,2733,24
1251,257.0632552,75.96908316,53,2814,2
1252,314,641.5,53,1362,31
1253,322.5,534,53,1836,25
1254,366,409,53,1739,22
1255,402,286,53,1649,5
1256,404.477717,680.7763878,53,1279,32
1257,460,530,53,1513,26
1258,463.9208185,782.4599644,53,1124,34
1259,474,626.5,53,1162,30
1260,498.5,467,53,1492,18
1261,506,319,53,1451,6
1262,564,29,53,1789,3
1263,578,547,53,1451,27
1264,630,717.5,53,1410,33
1265,647,617,53,1513,28
1266,705,493.5,53,1842,29
1267,746,945,53,1649,15
1268,823,178.5,53,1694,4
1269,112.0589177,149.5254563,54,3123,1
1270,155,409,54,2617,23
1271,242.2697502,444.1350439,54,2962,24
1272,258.3091716,76.15532544,54,2704,2
1273,314,642,54,1323,31
1274,323.6235294,534.3764706,54,1870,25
1275,365.5,409,54,1694,22
1276,402,286,54,1649,5
1277,410.5605484,680.9916222,54,1313,32
1278,460,535,54,1513,26
1279,462.6026381,785.6834295,54,1213,34
1280,477.6223717,629.3776283,54,1189,30
1281,489.6208333,462.3791667,54,1440,18
1282,508,319.5,54,1284,6
1283,564,29,54,1789,3
1284,580.5,545,54,1410,27
1285,629,718,54,1369,33
1286,647,617,54,1513,28
1287,704,495.5,54,1694,29
1288,746,952,54,1649,15
1289,822.6839493,178.6519581,54,1813,4
1290,117.5931839,148.0205711,55,3257,1
1291,156.5,403,55,2674,23
1292,240.5015674,446.5182863,55,2871,24
1293,261.1101726,75.87807565,55,2723,2
1294,315,643,55,1323,31
1295,324,535.5,55,1836,25
1296,371.5,408,55,1784,22
1297,402,286,55,1649,5
1298,404.9340974,684.4591691,55,1396,32
1299,460,535,55,1513,26
1300,464,785,55,1005,34
1301,478,631,55,1125,30
1302,489.7810438,453.7246551,55,1667,18
1303,508,316,55,1479,6
1304,564,29,55,1789,3
1305,581,545,55,1369,27
1306,627,720,55,1245,33
1307,644,624,55,1513,28
1308,705,496.5,55,1784,29
1309,746,952,55,1649,15
1310,822,178.5,55,1694,4
1311,118.0290796,148.4875776,56,3542,1
1312,156.1332046,407.0485843,56,3108,23
1313,244.7910714,442.2241071,56,3360,24
1314,265.89631,74.04870849,56,2710,2
1315,317,644.5,56,1410,31
1316,323.6235294,536.6235294,56,1870,25
1317,369.5,408,56,1694,22
1318,402,283.5,56,1694,5
1319,413.3270337,691.7608874,56,1217,32
1320,460,535.5,56,1556,26
1321,464,785,56,1005,34
1322,478,631,56,1125,30
1323,489.1837088,455.3154246,56,1731,18
1324,507.4763062,316.9933171,56,1646,6
1325,564,29,56,1789,3
1326,581.5,540,56,1410,27
1327,631,725,56,1245,33
1328,644,624,56,1513,28
1329,705,494,56,1739,29
1330,746,952,56,1649,15
1331,825,176,56,1649,4
1332,123.6264671,148.0434272,57,3408,1
1333,155,408.5,57,2902,23
1334,243.468058,443.0173072,57,3929,24
1335,267,75.5,57,2614,2
1336,317,646,57,1451,31
1337,322,537.5,57,1836,25
1338,368,408,57,1829,22
1339,402,282.5,57,1694,5
1340,411.5337079,691.0064205,57,1246,32
1341,460,536,57,1513,26
1342,459,786,57,1005,34
1343,478,631,57,1125,30
1344,490.5274262,448.6244726,57,1896,18
1345,508.6951456,314.6660194,57,1545,6
1346,562,29,57,1789,3
1347,582,540,57,1369,27
1348,637,628,57,1513,28
1349,636,724,57,1245,33
1350,704.4755011,495.4922049,57,1796,29
1351,746,952,57,1649,15
1352,825,176,57,1649,4
1353,123.4753247,148.4952381,58,3465,1
1354,157.6641791,404.6531473,58,3082,23
1355,244.7247654,441.0696616,58,3517,24
1356,265,75,58,2559,2
1357,316.6780777,648.6510862,58,1519,31
1358,322,538,58,1789,25
1359,364,408,58,1649,22
1360,403.8613502,275.3416402,58,2207,5
1361,417.3333333,689.8048359,58,1158,32
1362,460,536,58,1513,26
1363,458.5431111,787.5226667,58,1125,34
1364,478.5,632,58,1162,30
1365,487.2439791,445.4560209,58,1910,18
1366,506.3204913,314.4265773,58,1791,6
1367,562,29,58,1789,3
1368,583,541.5,58,1410,27
1369,636.5,628,58,1556,28
1370,640.6344307,724.1344307,58,1458,33
1371,704,494.5,58,1694,29
1372,747.5,952,58,1694,15
1373,822.7223637,177.3285787,58,1963,4
1374,126.6646598,147.5502709,59,3322,1
1375,163.6243094,399.6243094,59,2715,23
1376,247.0630372,442.6195479,59,3141,24
1377,266.5205479,75.49391172,59,2628,2
1378,311,653,59,1513,31
1379,322,538.5,59,1836,25
1380,365.5,408,59,1694,22
1381,405.5,276,59,1694,5
1382,410.3316195,693.075407,59,1167,32
1383,460,536,59,1513,26
1384,458,789,59,1005,34
1385,479,632,59,1125,30
1386,488,454,59,889,18
1387,507.4884273,315.5032641,59,1685,6
1388,562,29,59,1789,3
1389,583,543,59,1369,27
1390,634,628,59,1513,28
1391,644.0235732,728.058933,59,1612,33
1392,701.0482833,495.1013948,59,1864,29
1393,748.5,952,59,1694,15
1394,826,180.5,59,1694,4
1395,128.7386683,145.3194748,60,3199,1
1396,160.5195804,402.0059441,60,2860,23
1397,245.2192125,435.56716,60,3581,24
1398,270.5,73,60,2504,2
1399,301.8587224,657.6603194,60,1628,31
1400,321,539,60,1789,25
1401,366,408,60,1649,22
1402,403.0892857,276.5388655,60,1904,5
1403,408.5017007,695.502551,60,1176,32
1404,460,536,60,1513,26
1405,458,789,60,1005,34
1406,481.5,632,60,1162,30
1407,487.8242142,455.2724098,60,1718,18
1408,509,313,60,1557,6
1409,562,30.5,60,1836,3
1410,583,543,60,1369,27
1411,634,628,60,1513,28
1412,654.5527761,725.0701647,60,1639,33
1413,700,494.5,60,1694,29
1414,747,958,60,1649,15
1415,826,179,60,1649,4
1416,135.8489848,145.0063452,61,3152,1
1417,159.5671535,402.5276095,61,2807,23
1418,247.7228916,436.2077579,61,3403,24
1419,271,72.5,61,2504,2
1420,304,659,61,1513,31
1421,321,539,61,1789,25
1422,363,408.5,61,1694,22
1423,401,280,61,1649,5
1424,410.9873987,695.5067507,61,1111,32
1425,460,536.5,61,1556,26
1426,463.5,783,61,1040,34
1427,482.5,632.5,61,1178,30
1428,486,450,61,889,18
1429,507.3311185,314.0703212,61,1806,6
1430,562,30,61,1789,3
1431,583,543,61,1369,27
1432,634,628,61,1513,28
1433,653.8535229,727.2472188,61,1618,33
1434,699.5,493,61,1760,29
1435,747,958,61,1649,15
1436,824.4648352,180.9324176,61,1820,4
1437,138,145,62,3329,1
1438,161,398,62,2845,23
1439,245.7282366,439.3928571,62,3584,24
1440,274.8771996,70.62411082,62,2671,2
1441,304,658,62,1513,31
1442,321,539,62,1789,25
1443,363,410.5,62,1752,22
1444,401,281,62,1919,5
1445,411.4846727,696.1416736,62,1207,32
1446,460,537,62,1513,26
1447,461,783,62,1005,34
1448,483,633,62,1125,30
1449,486,450,62,889,18
1450,509.9869919,311.0308943,62,1845,6
1451,562,30,62,1789,3
1452,586,542,62,1563,27
1453,634,628,62,1513,28
1454,654.9809394,730.573179,62,1469,33
1455,701,487,62,1649,29
1456,746.5,958,62,1694,15
1457,824,177.5,62,1784,4
1458,138,144,63,3109,1
1459,161,394.5,63,2674,23
1460,245.0880109,433.5645777,63,3670,24
1461,277,67.5,63,2724,2
1462,301.5,660,63,1556,31
1463,320,542,63,1941,25
1464,362,409,63,1739,22
1465,401,278,63,1829,5
1466,405.7705179,698.7808765,63,1255,32
1467,462,537,63,1599,26
1468,460.5,783,63,1040,34
1469,482,633,63,1125,30
1470,483,447,63,889,18
1471,510.4645233,309.537694,63,1804,6
1472,562,30,63,1789,3
1473,588,541,63,1369,27
1474,634,628,63,1513,28
1475,655.2155567,731.9603457,63,1967,33
1476,701,486.5,63,1694,29
1477,747.5,957,63,1694,15
1478,824,177,63,1739,4
1479,143.2868641,139.3055377,64,3106,1
1480,161,395,64,2617,23
1481,246.0283688,432.0161702,64,3525,24
1482,272.4701861,59.56855298,64,2633,2
1483,296.9041262,661.9277913,64,1648,31
1484,320,542,64,1941,25
1485,361.5,409,64,1694,22
1486,401,277.5,64,1874,5
1487,405.3786489,701.6371977,64,1199,32
1488,454,783,64,1005,34
1489,463.5,537,64,1556,26
1490,479.5615129,440.8778055,64,2406,18
1491,482,633,64,1125,30
1492,510.9011858,309.525127,64,1771,6
1493,562,30,64,1789,3
1494,588,541,64,1369,27
1495,636,628.5,64,1620,28
1496,668.5421053,731.6368421,64,1710,33
1497,700.5,485,64,1694,29
1498,744,956,64,1649,15
1499,825,177,64,1649,4
1500,149,134.5,65,2944,1
1501,160.1070917,396.0798711,65,2792,23
1502,245.4029458,435.4900053,65,3802,24
1503,269,54.5,65,2584,2
1504,296.5,664,65,1620,31
1505,320,542.5,65,1990,25
1506,366,398,65,1649,22
1507,401.9552314,275.4869215,65,1988,5
1508,403.635274,699.8535959,65,1168,32
1509,456.3827392,782.3827392,65,1066,34
1510,464,537.5,65,1556,26
1511,472.8627451,629.6352941,65,1275,30
1512,481,442,65,889,18
1513,511.5769446,312.4795747,65,1787,6
1514,562,30,65,1789,3
1515,588,541,65,1369,27
1516,639,630,65,1513,28
1517,672.5032723,732.0294503,65,1528,33
1518,699,486.5,65,1814,29
1519,744.5,956,65,1694,15
1520,821.5,176,65,1784,4
1521,152.0707333,131.4795587,66,3082,1
1522,157,397,66,2617,23
1523,246.5059488,431.5315289,66,3362,24
1524,272,47,66,2449,2
1525,295.6970387,667.6594533,66,1756,31
1526,320,543,66,1941,25
1527,367,399,66,1649,22
1528,398.5705556,275.5311111,66,1800,5
1529,397.7285298,700.8282387,66,1374,32
1530,456,781,66,1005,34
1531,464,538,66,1649,26
1532,473,630.5,66,1236,30
1533,483,433,66,889,18
1534,513.3540557,308.5618709,66,1689,6
1535,562,30,66,1789,3
1536,587.5,541,66,1410,27
1537,636,630,66,1513,28
1538,671.4770039,732.0578187,66,1522,33
1539,698,488,66,1829,29
1540,744,956,66,1649,15
1541,819,176,66,1649,4
1542,158,396.5,67,2788,23
1543,159,132,67,2889,1
1544,244.747152,432.185885,67,3599,24
1545,276,47,67,2285,2
1546,293.5,671,67,1470,31
1547,320,543,67,1941,25
1548,367.5,399,67,1694,22
1549,398,277,67,1649,5
1550,403.8244726,707.0886076,67,1185,32
1551,455.8868715,783.9420391,67,1432,34
1552,464,535,67,1649,26
1553,472.2472089,631.2472089,67,1254,30
1554,477,434,67,1649,18
1555,512.7056128,308.3865979,67,1746,6
1556,562,30,67,1789,3
1557,587,541,67,1369,27
1558,636,630,67,1513,28
1559,674.0866089,733.3451033,67,1501,33
1560,698,491,67,1739,29
1561,744.5,956,67,1694,15
1562,820,174,67,1649,4
1563,160,396,68,2617,23
1564,162.5877081,132.0246479,68,3124,1
1565,244.5845157,435.5246761,68,3242,24
1566,277,46,68,2285,2
1567,293.0608974,669.9711538,68,1560,31
1568,320,543,68,1941,25
1569,367,399,68,1649,22
1570,398,277,68,1649,5
1571,401.2975654,700.1902615,68,1109,32
1572,454.6161462,786.6161462,68,1313,34
1573,462.6636518,533.8569813,68,1769,26
1574,468.6223717,632.3776283,68,1189,30
1575,483,433,68,889,18
1576,512.9802905,313.5093361,68,1928,6
1577,562,30,68,1789,3
1578,586,541,68,1369,27
1579,631,629,68,1513,28
1580,678.3921189,733.3921189,68,1548,33
1581,698,493,68,1739,29
1582,743,955,68,1649,15
1583,820,173,68,1649,4
1584,160.5,396,69,2674,23
1585,161.5726609,129.0205707,69,3014,1
1586,247.0100869,435.0168114,69,3569,24
1587,278,50,69,2285,2
1588,294.3219223,669.6510862,69,1519,31
1589,320,542,69,1941,25
1590,369,398,69,1649,22
1591,400,270,69,1789,5
1592,399.2547085,698.6887892,69,1115,32
1593,452,787,69,1245,34
1594,462.5,533,69,1694,26
1595,463,634,69,1125,30
1596,477,434,69,1649,18
1597,510.582878,308.9744991,69,1647,6
1598,562,30,69,1789,3
1599,585,540.5,69,1410,27
1600,630.5,629,69,1556,28
1601,681.0872131,730.6196721,69,1525,33
1602,699,492.5,69,1694,29
1603,743,955,69,1649,15
1604,820,173,69,1649,4
1605,162,393,70,2285,23
1606,170.9325581,126.4677741,70,3010,1
1607,246.9967672,434.5080819,70,3712,24
1608,281,49,70,2285,2
1609,295,671,70,1599,31
1610,313,540,70,1941,25
1611,369.5,397,70,1784,22
1612,400,270.5,70,1836,5
1613,398.1743119,700.9100917,70,1090,32
1614,451.5,787,70,1284,34
1615,463,534,70,1649,26
1616,463,633,70,1199,30
1617,477,432,70,1649,18
1618,511.0103806,310.0103806,70,1734,6
1619,560.4789528,28.54517454,70,1948,3
1620,585.5,538,70,1410,27
1621,630,629,70,1513,28
1622,677.5966709,730.5416133,70,1562,33
1623,704,493,70,1739,29
1624,743,955,70,1649,15
1625,820,173,70,1649,4
1626,160.6480626,398.5769641,71,2813,23
1627,171.5930126,125.0239044,71,3263,1
1628,246.3624161,432.1020134,71,3725,24
1629,281,49,71,2285,2
1630,295.3134615,670.1557692,71,1560,31
1631,319,536,71,1941,25
1632,368.5,395,71,1694,22
1633,389,267,71,1789,5
1634,399.9358491,701.0822642,71,1325,32
1635,446,789,71,1245,34
1636,458,531,71,1649,26
1637,463,631,71,1125,30
1638,478,431,71,889,18
1639,511.0465253,312.5123675,71,1698,6
1640,559,28,71,1789,3
1641,588,535,71,1369,27
1642,624,625,71,1513,28
1643,681.5824916,727.5468013,71,1485,33
1644,706,493,71,1739,29
1645,742,955,71,1649,15
1646,820,174,71,1649,4
1647,161.5,392,72,2338,23
1648,174.660693,117.0603345,72,3348,1
1649,242.1057556,429.5585483,72,3527,24
1650,280,49,72,2285,2
1651,293.1759603,668.3451053,72,1614,31
1652,322,529,72,1941,25
1653,368.5,394,72,1694,22
1654,393,267,72,1789,5
1655,400.2626609,698.8120172,72,1165,32
1656,448.5,788,72,1284,34
1657,458,531,72,1649,26
1658,462.891129,626.9153226,72,1240,30
1659,476,427,72,889,18
1660,511,309,72,1635,6
1661,559,28,72,1789,3
1662,588,534.5,72,1410,27
1663,624,625,72,1513,28
1664,681.9766913,727.593519,72,1759,33
1665,706,493.5,72,1694,29
1666,742,954,72,1649,15
1667,820.6195715,178.3804285,72,1727,4
1668,162,392.5,73,2338,23
1669,177.1569055,119.0634704,73,3671,1
1670,240.3272727,433.9549525,73,3685,24
1671,280,49,73,2285,2
1672,295,672,73,1565,31
1673,322.5,529,73,1990,25
1674,369,393.5,73,1694,22
1675,393,267,73,1789,5
1676,399.6176678,698.7978799,73,1415,32
1677,449.5,786,73,1284,34
1678,458,531,73,1649,26
1679,464,625,73,1273,30
1680,476,427,73,889,18
1681,512,311,73,1557,6
1682,559,28,73,1789,3
1683,588,532,73,1369,27
1684,625,625,73,1513,28
1685,685.9926174,727.4738255,73,1490,33
1686,701.6636518,490.1430187,73,1769,29
1687,744,954,73,1649,15
1688,822,174.5,73,1784,4
1689,162,395.5,74,2338,23
1690,174.1850336,116.0704472,74,3421,1
1691,239.0160183,433.0098071,74,3059,24
1692,282,50,74,2285,2
1693,297.6328767,676.8616438,74,1460,31
1694,323,529,74,1941,25
1695,372.5,389,74,1694,22
1696,393,267,74,1789,5
1697,395.8653713,699.3060375,74,1441,32
1698,450.5,785.5,74,1302,34
1699,457,533,74,1649,26
1700,464.5,624.5,74,1246,30
1701,476,421,74,1649,18
1702,514.1708309,308.4503196,74,1721,6
1703,559.5,28,74,1836,3
1704,588,530,74,1369,27
1705,625,627,74,1685,28
1706,683.5976294,728.6313163,74,1603,33
1707,701,491,74,1649,29
1708,742.5,954,74,1694,15
1709,823.5,173,74,1844,4
1710,162.5,392,75,2160,23
1711,175.8334703,114.6105177,75,3651,1
1712,237.4059381,434.5067827,75,3907,24
1713,280,48,75,2391,2
1714,296.1022727,675.9258021,75,1496,31
1715,323,529,75,1941,25
1716,371.5,389,75,1694,22
1717,393,264,75,1883,5
1718,397.9935205,702.5111591,75,1389,32
1719,452,784,75,1245,34
1720,461,534,75,1649,26
1721,465,622.5,75,1162,30
1722,476,421,75,1649,18
1723,514.7791249,315.0927781,75,1897,6
1724,558.5,27,75,1930,3
1725,592.5,531,75,1410,27
1726,625,628,75,1513,28
1727,687.254321,727.2104938,75,1620,33
1728,706,493,75,1739,29
1729,741,954,75,1649,15
1730,824,175,75,1739,4
1731,160,394,76,1789,23
1732,178.057581,113.7633102,76,3456,1
1733,241.5855778,422.5276571,76,3453,24
1734,280,51,76,2391,2
1735,297.5,678.5,76,1512,31
1736,323,528,76,1941,25
1737,369.5,389,76,1694,22
1738,390,259,76,1789,5
1739,400.5135338,704.0203008,76,1330,32
1740,452,784,76,1245,34
1741,460.5,534,76,1694,26
1742,464,623.5,76,1310,30
1743,476,420.5,76,1694,18
1744,513.0250142,318.0017055,76,1759,6
1745,557,27,76,1789,3
1746,596,532,76,1369,27
1747,625,627.5,76,1694,28
1748,688.4373107,724.5911569,76,1651,33
1749,707,492.5,76,1694,29
1750,741.5,954,76,1694,15
1751,824,174.5,76,1784,4
1752,142.4091743,381.9321101,77,545,23
1753,182,114.5,77,4154,1
1754,239.9688222,425.4910508,77,3464,24
1755,281.237247,49.76275304,77,2470,2
1756,297.0134271,674.9968031,77,1564,31
1757,323,527,77,1941,25
1758,365,388.5,77,1694,22
1759,390,257,77,1789,5
1760,400.6769115,702.7578711,77,1334,32
1761,452,784,77,1245,34
1762,460,534,77,1649,26
1763,467,628,77,1369,30
1764,475,419,77,1649,18
1765,513.9140534,312.539489,77,1722,6
1766,557,27,77,1789,3
1767,596,532,77,1369,27
1768,625,627,77,1649,28
1769,693.125,721.5785714,77,1680,33
1770,706,491,77,1649,29
1771,741,954,77,1649,15
1772,823.6839493,176.6519581,77,1813,4
1773,180.2089368,110.3251156,78,3245,1
1774,237.8888249,425.4714862,78,3472,24
1775,281.6175852,48.61758519,78,2377,2
1776,297.5578769,677.484472,78,1771,31
1777,323,527,78,1941,25
1778,365,385,78,1649,22
1779,390,260,78,1883,5
1780,400.4880282,703.0330986,78,1420,32
1781,452,784,78,1245,34
1782,459.5,534,78,1694,26
1783,465,629,78,1369,30
1784,475,419,78,1649,18
1785,516,319,78,2025,6
1786,556,27,78,1789,3
1787,596,532,78,1369,27
1788,632.5,631,78,1836,28
1789,691.2683761,722.8603989,78,1755,33
1790,705,489.5,78,1556,29
1791,741,954,78,1649,15
1792,823,177,78,1649,4
1793,183.4048851,109.0224138,79,3480,1
1794,238.1145038,427.0662486,79,3668,24
1795,278.5,46,79,2338,2
1796,297.4874001,680.0036878,79,1627,31
1797,323,530.5,79,1990,25
1798,366,385,79,1649,22
1799,391.5463158,262.9794737,79,1900,5
1800,404.3406421,706.6068912,79,1277,32
1801,451.5,784,79,1284,34
1802,461.5,535,79,1694,26
1803,465,629,79,1369,30
1804,475,419,79,1649,18
1805,516,315,79,1635,6
1806,556,28.5,79,1836,3
1807,596,531,79,1369,27
1808,633,631,79,1789,28
1809,689.2851312,723.7154519,79,1715,33
1810,703,491.5,79,1556,29
1811,743,953,79,1649,15
1812,823,178,79,1739,4
1813,187.3241501,114.056272,80,3412,1
1814,240.8141077,432.9427208,80,3771,24
1815,282,46.5,80,2444,2
1816,292.9122807,680.6192982,80,1710,31
1817,323,531,80,1941,25
1818,366,386,80,1649,22
1819,392,263,80,1883,5
1820,401.9510655,707.0157853,80,1267,32
1821,450,784,80,1245,34
1822,462,535.5,80,1694,26
1823,465,628,80,1369,30
1824,476,419,80,1649,18
1825,517.0121816,315.0055371,80,1806,6
1826,557.5,30,80,1836,3
1827,596,531,80,1369,27
1828,633,631,80,1789,28
1829,691.0745533,724.6186075,80,1623,33
1830,704,488.5,80,1556,29
1831,744,951,80,1649,15
1832,823,179,80,1649,4
1833,183.6383991,109.9490624,81,3573,1
1834,242.6068927,431.5589801,81,3569,24
1835,282,46,81,2391,2
1836,288.5615142,683.9722397,81,1585,31
1837,323,531,81,1941,25
1838,365.5,386,81,1694,22
1839,389.591702,261.1164545,81,2121,5
1840,403.1061693,703.7058824,81,1394,32
1841,450,784,81,1245,34
1842,468,538,81,1649,26
1843,466.5,625,81,1410,30
1844,476,419,81,1649,18
1845,521.5746173,318.9789541,81,1568,6
1846,559.5,29,81,1836,3
1847,596,531,81,1369,27
1848,633,631,81,1789,28
1849,697.6188341,718.0941704,81,1561,33
1850,707.5,489.5,81,1576,29
1851,744,951,81,1649,15
1852,823,179,81,1649,4
1853,184.6398909,109.2719006,82,3299,1
1854,242.1222281,427.0781415,82,3788,24
1855,282,46,82,2497,2
1856,287.6208333,687.3791667,82,1440,31
1857,323,531,82,1941,25
1858,370.0055325,388.4910097,82,2169,22
1859,387,263,82,1789,5
1860,402.9237602,705.0636566,82,1351,32
1861,450,784,82,1245,34
1862,468,538,82,1649,26
1863,467,619,82,1369,30
1864,476,419,82,1649,18
1865,518.179471,320.9086902,82,1588,6
1866,560,28,82,1789,3
1867,596,531.5,82,1410,27
1868,633,631,82,1789,28
1869,696.5140187,718.5607477,82,1605,33
1870,708,491,82,1599,29
1871,743.5,951,82,1694,15
1872,823,179,82,1649,4
1873,182.2551724,108.8098951,83,3335,1
1874,238.8654903,427.9418571,83,3457,24
1875,284,43.5,83,2444,2
1876,286.6865385,680.8442308,83,1560,31
1877,323,531.5,83,1990,25
1878,374,391,83,1649,22
1879,387,260,83,1789,5
1880,401.8014286,706.56,83,1400,32
1881,450,784,83,1245,34
1882,465,621.5,83,1410,30
1883,468,538,83,1649,26
1884,476,419,83,1649,18
1885,515,313,83,1557,6
1886,560,30.5,83,1836,3
1887,595,533,83,1369,27
1888,636,629,83,1789,28
1889,694.4921569,718.4745098,83,1530,33
1890,708,492,83,1599,29
1891,743,951,83,1649,15
1892,823,179.5,83,1694,4
1893,187.3225707,105.6722017,84,3252,1
1894,235.9425188,429.9870017,84,3462,24
1895,287.3474962,43.69044006,84,2636,2
1896,284.845958,677.1476766,84,1571,31
1897,323,532,84,1941,25
1898,375,391,84,1649,22
1899,387.3137755,258.6530612,84,1960,5
1900,400.6531049,711.6923626,84,1401,32
1901,452.0923295,783.5696023,84,1408,34
1902,463.4863606,619.5036593,84,1503,30
1903,466,537,84,1649,26
1904,476,419,84,1649,18
1905,515,315,84,1713,6
1906,560,31,84,1789,3
1907,593.6208333,533.6208333,84,1440,27
1908,637,633,84,1649,28
1909,691.8446991,721.3747851,84,1745,33
1910,709,492,84,1599,29
1911,743,952,84,1649,15
1912,823,180,84,1649,4
1913,142.9497207,385.8212291,85,179,35
1914,189.8873239,106.5258216,85,3408,1
1915,239.2048422,430.1515234,85,3676,24
1916,285,42,85,2391,2
1917,287.2072473,676.8722187,85,1573,31
1918,323,532,85,1941,25
1919,373.8569813,391.3363482,85,1769,22
1920,391.1447231,259.3333333,85,1914,5
1921,404.6398243,712.4714495,85,1366,32
1922,452.6208333,785.6208333,85,1440,34
1923,466,537,85,1649,26
1924,466,621,85,1451,30
1925,476,418,85,1649,18
1926,520.5693128,317.4751185,85,1688,6
1927,558,30,85,1883,3
1928,593,534.5,85,1410,27
1929,638,633.5,85,1880,28
1930,696.4982185,722.0415677,85,1684,33
1931,709,492.5,85,1642,29
1932,743,952.5,85,1694,15
1933,823,180,85,1649,4
1934,145,377,86,45,35
1935,190.5,104.5,86,3286,1
1936,238.7210125,426.885411,86,3674,24
1937,285.5908909,41.95085897,86,2503,2
1938,290.3435512,673.8426836,86,1729,31
1939,323,532,86,1941,25
1940,373,393,86,1649,22
1941,392,257.5,86,1836,5
1942,400.3961474,715.0318258,86,1194,32
1943,452,785,86,1369,34
1944,461.9405099,625.5206799,86,1765,30
1945,470,536,86,1649,26
1946,476.5,418,86,1694,18
1947,522,314.5,86,1830,6
1948,557,30,86,1789,3
1949,591,536.5,86,1410,27
1950,640,635,86,1649,28
1951,696.9837963,724.5769676,86,1728,33
1952,709,493.5,86,1642,29
1953,744,960,86,1977,15
1954,823,180,86,1649,4
1955,150,370,87,45,35
1956,199,105.5,87,3274,1
1957,235.5089563,427.7571053,87,4187,24
1958,294.4511156,39.47423935,87,2465,2
1959,290,675,87,1779,31
1960,323,532,87,1941,25
1961,372,393,87,1739,22
1962,390.6161369,256.1315403,87,2045,5
1963,394.4383369,713.8801973,87,1419,32
1964,452,785,87,1369,34
1965,456.3791667,618.3791667,87,1440,30
1966,470,536,87,1649,26
1967,477,418,87,1649,18
1968,525,311.5,87,1518,6
1969,557,30,87,1789,3
1970,589.776129,538.2993548,87,1550,27
1971,640,635,87,1649,28
1972,700.9706587,725.4071856,87,1670,33
1973,709,490.5,87,1642,29
1974,744,961,87,1789,15
1975,823,180,87,1649,4
1976,147.5208333,374.9930556,88,144,35
1977,196.0285307,105.0171184,88,3505,1
1978,231.5177634,425.0222428,88,3237,24
1979,293.5,38,88,2444,2
1980,295,679.5,88,1574,31
1981,323,532.5,88,1990,25
1982,370.5,393,88,1694,22
1983,386,258.5,88,1836,5
1984,395.7485075,715.7261194,88,1340,32
1985,452,785,88,1369,34
1986,459,622,88,1533,30
1987,470,535,88,1649,26
1988,477,418,88,1649,18
1989,525,316,88,1635,6
1990,557.5,28,88,1836,3
1991,587.6691475,540.1461434,88,1478,27
1992,639,635,88,1649,28
1993,705.9818523,722.7559449,88,1598,33
1994,709,489.5,88,1642,29
1995,743,961,88,1789,15
1996,823,180,88,1649,4
1997,146.2511416,375.0182648,89,219,35
1998,199.1416439,102.530179,89,3297,1
1999,238.0765223,426.621296,89,3071,24
2000,287,680.5,89,1574,31
2001,295,38,89,2285,2
2002,323,533,89,1941,25
2003,369,391,89,1739,22
2004,386,257,89,1789,5
2005,399.9452736,714.5165837,89,1206,32
2006,456.2490729,617.3114957,89,1618,30
2007,457,786,89,1369,34
2008,470,535,89,1649,26
2009,477,418,89,1649,18
2010,525,315,89,1635,6
2011,557.5,30,89,1836,3
2012,586.5518417,542.0245566,89,1466,27
2013,639,637,89,1649,28
2014,706.0903581,722.6413223,89,1815,33
2015,709.525393,486.4915357,89,1654,29
2016,746,956.5,89,1836,15
2017,823,180.5,89,1694,4
2018,158,366,90,45,35
2019,196.6222993,102.9154441,90,3749,1
2020,238.9637019,428.0013854,90,3609,24
2021,288.9397457,680.8524046,90,1809,31
2022,296.5,35,90,2338,2
2023,323,533,90,1941,25
2024,368,389,90,1739,22
2025,388,255,90,1789,5
2026,394,712.5,90,1110,32
2027,448,621.5,90,1656,30
2028,457,786,90,1369,34
2029,469,537,90,1649,26
2030,477,418,90,1649,18
2031,521.4304108,313.411404,90,1631,6
2032,557,30,90,1789,3
2033,586,544,90,1369,27
2034,639,641,90,1649,28
2035,708.2147157,723.2414716,90,1495,33
2036,710,488.5,90,1642,29
2037,746,955,90,1789,15
2038,823,181,90,1649,4
2039,200.7855429,95.31253749,91,3334,1
2040,241.7288186,430.1980907,91,3352,24
2041,284.0253713,684.4517327,91,1616,31
2042,300,34,91,2285,2
2043,323,533,91,1941,25
2044,369.5,389,91,1694,22
2045,389,254,91,1789,5
2046,394,714.5,91,1040,32
2047,449,621,91,1697,30
2048,457,786,91,1369,34
2049,468.5,537,91,1694,26
2050,477,418,91,1649,18
2051,525.3833428,303.0536224,91,1753,6
2052,557,30,91,1789,3
2053,586,544.5,91,1410,27
2054,643,645,91,1649,28
2055,708.6603194,492.1412776,91,1628,29
2056,714.9888158,724.5059211,91,1520,33
2057,744,956,91,1883,15
2058,821.5,178,91,1694,4
